{"val error": 2.532899941253662, "test error": 2.600901818717905, "_timestamp": 1695572246.3693, "_runtime": 598.3901998996735, "_step": 0, "_wandb": {"runtime": 884}}