{"test MAE": 6.524219316763072, "Sparsity": 0.8687934269410303, "_timestamp": 1695814584.2315984, "_runtime": 956.8261134624481, "_step": 49, "_wandb": {"runtime": 954}}