{"test MAE": 6.805493596671922, "Sparsity": 0.8354617441437198, "_timestamp": 1695678168.1876638, "_runtime": 955.1399247646332, "_step": 49, "_wandb": {"runtime": 953}}